"Symbol","Name","Country","Underlying Symbol","Underlying Exchange","GICS Sector","Market cap","P/E","P/S","P/B","Current yield","Avg Volume","Action"
"TSM","Taiwan Semiconductor Manufacturing Co Ltd ADRs","Taiwan","TT:2330","Taiwan Stock Exchange","Information Technology","$645,666,473,454","35.71","13.76","0.35","1.40%","12,748,117","Analyze"
"BABA","Alibaba Group Holding Ltd ADRs","China","PRIVATE","","Consumer Discretionary","$609,579,925,980","25.28","6.21","0.65","0.00%","16,333,194","Analyze"
"ASML","ASML Holding NV ADRs","The Netherlands","NA:ASML","Nyse Euronext - Euronext Amsterdam","Information Technology","$268,683,946,089","64.60","16.35","19.38","0.44%","1,191,240","Analyze"
"TM","Toyota Motor Corp ADRs","Japan","JT:7203","Tokyo Stock Exchange","Consumer Discretionary","$253,502,275,153","15.71","1.05","0.01","1.30%","387,349","Analyze"
"NVS","Novartis AG ADRs","Switzerland","VX:NOVN","Six Swiss - Blue Chips Segment","Health Care","$215,300,406,488","26.67","4.31","3.80","3.67%","1,636,774","Analyze"
"PDD","Pinduoduo Inc. ADRs","China","PRIVATE","","Consumer Discretionary","$166,134,297,240","0.00","18.34","2.09","0.00%","10,810,346","Analyze"
"SAP","SAP SE ADRs","Germany","GF:SAP","Frankfurt Stock Exchange","Information Technology","$161,916,548,838","25.18","5.04","5.45","1.32%","942,073","Analyze"
"RDS.A","Royal Dutch Shell  ADRs of Class A Shares","United Kingdom","NA:RDSA","Nyse Euronext - Euronext Amsterdam","Energy","$150,774,031,668","-3.77","0.84","0.53","3.24%","4,486,519","Analyze"
"RDS.B","Royal Dutch Shell ADRs of class B Shares","United Kingdom","LN:RDSB","London Stock Exchange","Energy","$150,774,031,668","-3.19","0.84","0.45","3.45%","2,990,596","Analyze"
"UL","Unilever PLC ADRs","United Kingdom","LN:ULVR","London Stock Exchange","Consumer Staples","$148,026,424,364","22.60","1.39","9.70","3.32%","2,107,848","Analyze"
"SONY","Sony Group Corporation ADRs","Japan","JT:6758","Tokyo Stock Exchange","Consumer Discretionary","$140,469,337,616","13.52","1.72","0.03","0.21%","928,903","Analyze"
"HDB","HDFC Bank Ltd ADRs","India","IS:HDFCBANK","National Stock Exchange Of India","Financials","$139,172,569,736","198.25","11.22","0.07","0.24%","1,405,480","Analyze"
"SNE","Sony Corp ADRs","Japan","JT:6758","Tokyo Stock Exchange","Information Technology","$133,684,841,374","0.00","0.00","0.00","0.23%","959,197","Analyze"
"RIO","Rio Tinto PLC ADRs","United Kingdom","LN:RIO","London Stock Exchange","Materials","$130,196,084,444","11.74","2.03","2.12","5.74%","2,661,903","Analyze"
"AZN","AstraZeneca PLC ADRs","United Kingdom","LN:AZN","London Stock Exchange","Health Care","$130,032,963,799","40.69","4.90","8.32","2.81%","9,812,709","Analyze"
"BUD","Anheuser-Busch InBev SA/NV ADRs","Belgium","BB:ABI","Nyse Euronext - Euronext Brussels","Consumer Staples","$129,918,028,543","92.53","2.77","1.91","0.88%","1,395,437","Analyze"
"JD","JD.com Inc ADRs","China","PRIVATE","","Consumer Discretionary","$128,287,624,420","17.00","1.13","0.59","0.00%","12,889,391","Analyze"
"SNY","Sanofi SA ADRs","France","FP:SAN","Euronext Paris","Health Care","$126,350,403,626","8.69","2.88","2.01","3.39%","1,333,168","Analyze"
"NVO","Novo Nordisk A/S ADRs","Denmark","DC:NOVO-B","Omx Nordic Exchange Copenhagen A/S","Health Care","$123,852,498,120","23.86","0.00","1.96","2.10%","830,083","Analyze"
"TOT","TOTAL SA ADRs","France","FP:FP","Euronext Paris","Energy","$121,051,517,524","-16.72","1.12","1.17","3.33%","2,028,196","Analyze"
"HSBC","HSBC Holdings PLC ADRs","United Kingdom","LN:HSBA","London Stock Exchange","Financials","$120,031,386,710","30.79","2.09","0.61","0.51%","2,117,759","Analyze"
"BHP","BHP Billiton Ltd ADRs","Australia","AT:BHP","Asx - All Markets","Materials","$104,783,934,156","14.05","1.89","2.14","4.31%","2,434,859","Analyze"
"SE","Sea Limited ADRs","Singapore","PRIVATE","","Information Technology","$102,557,340,000","-9.57","23.44","4.58","0.00%","4,995,186","Analyze"
"DEO","Diageo PLC ADRs","United Kingdom","LN:DGE","London Stock Exchange","Consumer Staples","$98,986,335,207","64.12","4.71","14.52","1.28%","349,892","Analyze"
"VALE","Vale SA ADRs","Brazil","BS:VALE3","XBSP","Materials","$96,600,198,796","20.23","6.06","2.77","6.73%","28,975,452","Analyze"
"GSK","GlaxoSmithKline PLC ADRs","United Kingdom","LN:GSK","London Stock Exchange","Health Care","$90,760,614,540","11.50","1.95","6.22","5.73%","5,166,581","Analyze"
"BTI","British American Tobacco PLC ADRs","United Kingdom","LN:BATS","London Stock Exchange","Consumer Staples","$89,314,970,580","10.14","1.97","1.43","7.11%","2,844,567","Analyze"
"INFY","Infosys Ltd ADRs","India","IS:INFY","National Stock Exchange Of India","Information Technology","$82,514,030,521","32.93","6.13","8.42","1.48%","7,989,302","Analyze"
"BP","BP PLC ADRs","United Kingdom","LN:BP","London Stock Exchange","Energy","$82,280,653,335","-4.05","0.46","1.15","6.32%","12,498,856","Analyze"
"BIDU","Baidu Inc ADRs of Class A","China","PRIVATE","","Communication Services","$77,423,607,000","22.49","4.75","0.34","0.00%","21,312,826","Analyze"
"MUFG","Mitsubishi UFJ Financial Group Inc. ADRs","Japan","JT:8306","Tokyo Stock Exchange","Financials","$75,244,252,965","24.51","2.27","0.00","2.16%","2,117,632","Analyze"
"NTES","NetEase Inc ADRs","China","PRIVATE","","Communication Services","$72,930,619,240","38.15","6.50","0.89","0.74%","2,300,414","Analyze"
"WBK","Westpac Banking Corp ADRs","Australia","AT:WBC","Asx - All Markets","Financials","$69,776,616,188","39.04","20.85","1.03","1.24%","107,977","Analyze"
"ABB","ABB Ltd ADRs","Switzerland","VX:ABBN","Six Swiss - Blue Chips Segment","Industrials","$66,475,425,774","13.20","2.54","4.33","2.85%","1,732,300","Analyze"
"EQNR","Equinor ASA ADRs","Norway","NO:STL","Oslo Bors Asa","Energy","$63,427,179,655","-11.51","1.51","1.87","2.84%","2,501,691","Analyze"
"BBL","BHP Group PLC ADRs","United Kingdom","LN:BHP","London Stock Exchange","Communication Services","$62,644,049,469","8.40","1.13","1.28","5.20%","2,062,060","Analyze"
"UBS","UBS Group AG ADRs","Switzerland","VX:UBSG","Six Swiss - Blue Chips Segment","Financials","$61,783,476,874","9.42","1.86","1.04","2.23%","3,316,043","Analyze"
"NIO","NIO Inc. ADRs of Class A","China","PRIVATE","","Consumer Discretionary","$61,280,765,308","0.00","24.75","1.87","0.00%","109,430,091","Analyze"
"SAN","Banco Santander SA ADRs","Spain","SM:SAN","Bolsa De Madrid","Financials","$60,172,025,318","6.97","1.44","0.74","4.39%","5,071,904","Analyze"
"TAK","Takeda Pharmaceutical Company Limited ADRs","Japan","JT:4502","Tokyo Stock Exchange","Health Care","$57,380,010,251","34.87","1.97","0.01","2.37%","2,683,026","Analyze"
"PUK","Prudential PLC ADRs","United Kingdom","LN:PRU","London Stock Exchange","Financials","$57,068,755,581","-48.47","1.36","2.73","0.73%","204,239","Analyze"
"HMC","Honda Motor Co Ltd ADRs","Japan","JT:7267","Tokyo Stock Exchange","Consumer Discretionary","$55,121,767,125","13.89","0.47","0.01","1.71%","820,228","Analyze"
"PBR","Petroleo Brasileiro SA ADRs","Brazil","BS:PETR3","XBSP","Energy","$54,795,559,842","44.47","1.48","0.53","2.19%","33,210,366","Analyze"
"PBR.A","Petroleo Brasileiro-Petrobras ADRs","Brazil","BS:PETR4","XBSP","Energy","$54,795,559,842","44.87","6.29","0.40","1.63%","9,462,074","Analyze"
"IBN","ICICI Bank Ltd ADRs","India","IS:ICICIBANK","National Stock Exchange Of India","Financials","$54,725,526,140","26.19","3.59","0.04","0.14%","5,970,955","Analyze"
"PHG","Koninklijke Philips NV ADRs","The Netherlands","NA:PHIA","Nyse Euronext - Euronext Amsterdam","Industrials","$53,843,232,359","38.56","2.34","4.54","1.55%","431,910","Analyze"
"VOD","Vodacom Group Ltd ADRs","United Kingdom","LN:VOD","London Stock Exchange","Communication Services","$53,333,055,991","18.71","0.81","0.91","5.62%","4,073,875","Analyze"
"BEKE","KE Holdings Inc ADRs of Class A","China","PRIVATE","","Real Estate","$52,325,889,715","0.00","4.12","0.78","0.00%","4,720,206","Analyze"
"SMFG","Sumitomo Mitsui Financial Group Inc ADRs","Japan","JT:8316","Tokyo Stock Exchange","Financials","$50,532,713,261","157.20","1.78","0.00","2.48%","1,587,673","Analyze"
"RELX","RELX PLC ADRs","United Kingdom","LN:REL","London Stock Exchange","Industrials","$50,275,044,628","29.89","3.91","23.95","2.21%","757,343","Analyze"
"ING","ING Groep NV ADRs","The Netherlands","NA:INGA","Nyse Euronext - Euronext Amsterdam","Information Technology","$48,510,715,028","16.61","2.45","0.89","1.14%","8,275,725","Analyze"
"E","ENI SpA ADRs","Italy","IM:ENI","Borsa Italiana S.P.A.","Energy","$45,336,461,992","15.99","0.70","1.21","4.89%","340,886","Analyze"
"BCS","Barclays PLC ADRs","United Kingdom","LN:BARC","London Stock Exchange","Financials","$44,784,782,439","0.00","0.00","0.00","0.54%","7,326,036","Analyze"
"ABEV","Ambev SA ADRs","Brazil","BS:ABEV3","XBSP","Consumer Staples","$42,799,520,865","22.18","3.98","0.58","0.52%","18,080,894","Analyze"
"NGG","National Grid ADRs","United Kingdom","LN:NG","London Stock Exchange","Utilities","$42,590,020,380","20.93","2.27","2.32","1.13%","417,796","Analyze"
"LYG","Lloyds Banking Group PLC ADRs","United Kingdom","LN:LLOY","London Stock Exchange","Financials","$42,143,331,036","7.88","1.13","0.86","4.41%","5,897,839","Analyze"
"ERIC","Telefonaktiebolaget LM Ericsson ADRs of Class B","Sweden","SS:ERIC-B","Nasdaq Omx Nordic","Information Technology","$41,170,103,077","23.93","1.50","0.48","1.53%","6,341,125","Analyze"
"BILI","Bilibili Inc. ADRs","China","PRIVATE","","Communication Services","$38,142,294,031","0.00","20.88","4.27","0.00%","7,636,540","Analyze"
"MFG","Mizuho Financial Group Inc ADRs","Japan","JT:8411","Tokyo Stock Exchange","Financials","$37,834,823,430","10.34","1.72","0.00","2.41%","340,802","Analyze"
"BBD","Banco Bradesco SA ADRs","Brazil","BS:BBDC4","XBSP","Financials","$37,698,403,786","14.76","34,757,307.19","2,644,924.37","2.62%","32,232,835","Analyze"
"BBDO","Banco Bradesco SA ADRs","Brazil","BS:BBDC3","XBSP","Financials","$37,698,403,786","1.43","0.56","0.14","2.72%","25,068","Analyze"
"CRH","CRH PLC ADRs","Ireland","ID:CRG","Irish Stock Exchange - All Market","Materials","$37,485,546,235","38.89","1.07","1.91","2.40%","606,101","Analyze"
"STM","STMicroelectronics NV ADRs","Italy","FP:STM","Euronext Paris","Information Technology","$36,340,228,070","32.89","3.41","4.30","0.42%","2,382,023","Analyze"
"LU","Lufax Holding Ltd ADRs","China","PRIVATE","","Financials","$36,275,909,002","23.35","5.07","0.44","0.00%","2,716,665","Analyze"
"WIT","Wipro Ltd ADRs","India","IS:WIPRO","National Stock Exchange Of India","Information Technology","$35,831,101,871","27.12","4.28","0.07","0.21%","1,778,212","Analyze"
"BBVA","Banco Bilbao Vizcaya Argentaria SA ADRs","Spain","SM:BBVA","Bolsa De Madrid","Financials","$35,539,835,471","32.81","1.22","0.80","3.27%","2,822,933","Analyze"
"ORAN","Orange SA ADRs","France","FP:ORA","Euronext Paris","Communication Services","$33,414,435,824","6.25","0.53","0.97","5.58%","653,069","Analyze"
"MT","ArcelorMittal ADRs","Luxembourg","NA:MT","Nyse Euronext - Euronext Amsterdam","Materials","$33,404,107,994","-45.57","0.68","0.87","1.02%","7,913,972","Analyze"
"TME","Tencent Music Entertainment Group  ADRs","China","PRIVATE","","Communication Services","$31,923,514,952","53.34","7.19","0.30","0.00%","64,023,040","Analyze"
"NWG","NatWest Group plc ADRs","United Kingdom","LN:RBS","London Stock Exchange","Financials","$31,602,030,718","24.22","2.06","0.72","1.54%","1,801,827","Analyze"
"CAJ","Canon Inc ADRs","Japan","JT:7751","Tokyo Stock Exchange","Information Technology","$31,103,363,980","32.24","1.10","0.01","3.13%","228,541","Analyze"
"CHT","Chunghwa Telecom Co Ltd ADRs","Taiwan","TT:2412","Taiwan Stock Exchange","Communication Services","$30,649,671,319","26.07","4.91","0.08","3.63%","129,241","Analyze"
"BGNE","BeiGene ADRs","China","HK:6160","Hong Kong Exchange","Health Care","$30,307,669,800","-18.98","98.12","7.83","0.00%","300,259","Analyze"
"BNTX","BioNTech SE  ADRs","Germany","PRIVATE","","Health Care","$27,779,431,788","0.00","48.98","20.25","0.00%","1,397,358","Analyze"
"CS","Credit Suisse Group AG ADRs","Switzerland","VX:CSGN","Six Swiss - Blue Chips Segment","Financials","$26,607,017,716","9.67","1.22","0.62","1.37%","7,821,953","Analyze"
"PKX","POSCO ADRs","South Korea","KP:005490","Korea Exchange (Stock Market)","Materials","$26,124,663,239","16.95","0.52","0.00","0.59%","264,997","Analyze"
"EC","Ecopetrol ADRs","Colombia","CX:ECOPETROL","Bolsa De Valores De Colombia","Energy","$25,944,634,356","5.95","1.90","0.00","7.03%","1,148,762","Analyze"
"RYAAY","Ryanair Holdings PLC ADRs","Ireland","ID:RY4C","Irish Stock Exchange - All Market","Industrials","$25,936,111,690","16.87","13.43","5.55","0.00%","513,062","Analyze"
"BSBR","Banco Santander Brasil ADRs","Brazil","BS:SANB11","XBSP","Financials","$25,682,472,100","10.97","3.45","0.24","2.77%","1,392,130","Analyze"
"TEF","Telefonica SA ADRs","Spain","SM:TEF","Bolsa De Madrid","Communication Services","$25,421,582,885","16.06","0.50","2.26","9.68%","1,514,144","Analyze"
"EDU","New Oriental Education & Technology ADRs","China","PRIVATE","","Consumer Discretionary","$24,496,187,652","64.56","6.81","5.21","0.00%","19,021,046","Analyze"
"TCOM","Trip.com Group Limited ADRs","China","PRIVATE","","Consumer Discretionary","$23,538,938,139","64.71","8.44","0.23","0.00%","5,363,140","Analyze"
"TLK","Telekomunikasi Indonesia Persero Tbk PT ADRs","Indonesia","IJ:TLKM","Indonesia Stock Exchange","Communication Services","$23,438,120,448","18.18","2.59","0.00","4.43%","192,389","Analyze"
"ITUB","Itau Unibanco Holding SA ADRs of Preferred Shares","Brazil","BS:ITUB4","XBSP","Financials","$23,405,431,297","0.00","0.00","0.00","1.64%","45,518,379","Analyze"
"NOK","Nokia OYJ ADRs","Finland","FH:NOKIA","Nasdaq Omx Helsinki Ltd.","Information Technology","$22,985,617,694","25.17","0.89","1.83","5.53%","37,736,508","Analyze"
"UMC","United Microelectronics Corp ADRs","Taiwan","TT:2303","Taiwan Stock Exchange","Information Technology","$22,860,746,436","22.29","3.64","0.10","1.48%","5,776,060","Analyze"
"LI","Li Auto Inc. ADRs of Class A","China","PRIVATE","","Consumer Discretionary","$22,386,032,269","0.00","15.55","0.61","0.00%","14,177,446","Analyze"
"GMAB","Genmab A/S  ADRs","Denmark","DC:GEN","Omx Nordic Exchange Copenhagen A/S","Health Care","$21,952,076,673","26.59","0.00","1.15","0.00%","675,503","Analyze"
"IX","Orix ADRs","Japan","JT:8591","Tokyo Stock Exchange","Financials","$21,942,173,976","11.61","1.22","0.01","0.82%","24,818","Analyze"
"TAL","TAL Education Group ADRs","China","PRIVATE","","Consumer Discretionary","$21,896,790,069","-343.99","5.61","5.13","0.00%","7,551,559","Analyze"
"FMS","Fresenius Medical Care AG  ADRs","Germany","GF:FME","Frankfurt Stock Exchange","Health Care","$21,637,720,992","15.80","1.03","1.93","1.94%","362,677","Analyze"
"SKM","SK Telecom Co Ltd ADRs","South Korea","KP:017670","Korea Exchange (Stock Market)","Communication Services","$20,180,775,550","13.78","1.21","0.00","0.34%","368,881","Analyze"
"KB","KB Financial Group Inc ADRs","South Korea","KP:105560","Korea Exchange (Stock Market)","Financials","$20,145,893,724","6.31","0.90","0.00","3.23%","276,422","Analyze"
"ZTO","ZTO Express ADRs of Class A","China","PRIVATE","","Industrials","$18,937,196,525","35.47","4.93","0.39","1.03%","4,505,233","Analyze"
"VIPS","Vipshop Holdings Ltd ADRs","China","PRIVATE","","Consumer Discretionary","$17,752,376,768","22.25","1.14","0.62","0.00%","24,894,519","Analyze"
"HTHT","Huazhu Group Limited ADRs","China","PRIVATE","","Consumer Discretionary","$17,743,571,668","79.24","11.43","1.57","0.64%","1,592,984","Analyze"
"NMR","Nomura Holdings Inc ADRs","Japan","JT:8604","Tokyo Stock Exchange","Financials","$17,655,251,801","6.87","1.40","0.01","3.50%","773,832","Analyze"
"XPEV","XPeng Inc. ADRs of Class A","China","PRIVATE","","Consumer Discretionary","$17,488,995,893","0.00","18.92","0.51","0.00%","22,344,941","Analyze"
"ASX","Advanced Semiconductor Engineering Inc ADRs","Taiwan","TT:3711","Taiwan Stock Exchange","Financials","$17,228,676,960","17.90","1.03","0.08","1.72%","3,216,224","Analyze"
"SHG","Shinhan Financial Group Co Ltd ADRs","South Korea","KP:055550","Korea Exchange (Stock Market)","Financials","$17,109,777,228","5.64","0.72","0.00","4.02%","166,391","Analyze"
"FMX","Fomento Economico Mexicano SAB de CV ADRs","Mexico","MM:FEMSAUBD","Bolsa Mexicana De Valores (Mexican Stock Exchange)","Consumer Staples","$16,982,534,917","32.92","0.56","0.07","1.85%","461,141","Analyze"
"SNN","Smith & Nephew PLC ADRs","United Kingdom","LN:SN","London Stock Exchange","Financials","$16,711,988,882","39.84","2.09","3.17","1.96%","465,198","Analyze"
"SUZ","Suzano Papel e Celulose S.A. ADRs","Brazil","BS:SUZB3","XBSP","Materials","$16,621,028,361","38.08","3.07","2.30","0.81%","607,254","Analyze"
"WPP","WPP PLC ADRs","Australia","LN:WPP","London Stock Exchange","Communication Services","$16,216,253,647","0.00","0.59","3.34","4.54%","107,618","Analyze"
"LFC","China Life Insurance Co Ltd ADRs","China","HK:2628","Hong Kong Exchange","Financials","$15,522,291,050","7.75","0.29","0.03","4.95%","570,848","Analyze"
"ARGX","argenx SE ADRs","The Netherlands","NA:ARGX","Nyse Euronext - Euronext Amsterdam","Health Care","$14,793,972,644","0.00","280.83","10.84","0.00%","186,695","Analyze"
"NICE","Nice Ltd ADRs","Israel","IT:NICE","Tel Aviv Stock Exchange","Information Technology","$14,555,160,086","74.01","8.83","5.68","7.09%","312,385","Analyze"
"JHX","James Hardie Industries ADRs","Australia","AT:JHX","Asx - All Markets","Materials","$14,421,616,850","84.29","5.29","11.29","0.00%","28,094","Analyze"
"GDS","GDS Holdings ADRs","China","PRIVATE","","Information Technology","$14,333,004,162","0.00","21.60","0.54","0.00%","1,618,867","Analyze"
"TTM","Tata Motors Ltd ADRs","India","IS:TATAMOTORS","National Stock Exchange Of India","Consumer Discretionary","$13,898,808,304","10.68","0.43","2.49","1.43%","1,289,346","Analyze"
"KEP","Korea Electric Power Corp ADRs","South Korea","KP:015760","Korea Exchange (Stock Market)","Utilities","$13,660,995,559","7.77","0.27","0.00","10.32%","201,784","Analyze"
"TS","Tenaris SA ADRs","Argentina","IM:TEN","Borsa Italiana S.P.A.","Energy","$13,582,076,229","-21.41","2.94","1.21","0.61%","1,972,207","Analyze"
"SNP","China Petroleum & Chemical Corp ADRs","China","HK:0386","Hong Kong Exchange","Energy","$13,481,300,956","12.79","0.03","0.02","6.91%","151,016","Analyze"
"VIV","Telefonica Brasil S.A. ADRs","Brazil","BS:VIVT3","XBSP","Communication Services","$13,291,141,495","16.11","1.76","0.19","0.94%","1,756,662","Analyze"
"IHG","InterContinental Hotels Group PLC ADRs","United Kingdom","LN:IHG","London Stock Exchange","Consumer Discretionary","$13,072,483,861","-66.87","3.57","-7.04","0.00%","100,927","Analyze"
"ENIA","Enel Americas SA ADRs","Chile","CC:ENELAM","Santiago Stock Exchange","Utilities","$12,767,282,994","15.47","1.14","1.66","5.90%","2,499,842","Analyze"
"TEVA","Teva Pharmaceutical Industries Ltd ADRs","Israel","IT:TEVA","Tel Aviv Stock Exchange","Health Care","$12,625,704,921","-3.16","0.76","1.26","0.00%","8,367,152","Analyze"
"IQ","iQIYI Inc. ADRs","China","PRIVATE","","Communication Services","$12,390,806,456","26.45","2.74","0.69","0.00%","30,154,311","Analyze"
"OZON","Ozon Holdings PLC ADRs","Russia","PRIVATE","","Consumer Discretionary","$12,017,473,062","0.00","9.63","0.15","0.00%","993,966","Analyze"
"VEDL","Vedanta Ltd ADRs","India","IS:VEDL","National Stock Exchange Of India","Materials","$11,895,029,248","10.03","1.04","0.02","3.98%","1,036,700","Analyze"
"BCH","Banco de Chile ADRs","Chile","CC:CHILE","Santiago Stock Exchange","Financials","$11,879,608,749","13.18","4.57","0.00","2.51%","90,421","Analyze"
"ATHM","Autohome Inc. ADRs","China","PRIVATE","","Communication Services","$11,793,063,678","21.48","8.95","0.67","1.75%","1,183,139","Analyze"
"NTCO","Natura &Co Holding S.A. ADRs","Brazil","BS:NTCO3","XBSP","Consumer Staples","$11,680,705,891","195.97","1.83","0.43","0.00%","522,131","Analyze"
"BSAC","Banco Santander Chile ADRs","Chile","CC:BSANTANDER","Santiago Stock Exchange","Financials","$11,551,747,573","12.37","3.98","0.00","1.66%","447,311","Analyze"
"TUYA","Tuya Inc. ADRs of class A","China","PRIVATE","","Information Technology","$11,234,382,848","0.00","0.00","0.00","0.00%","5,453,897","Analyze"
"WB","Weibo Corp ADRs","China","PRIVATE","","Communication Services","$11,173,525,000","19.72","6.61","2.20","0.00%","2,015,983","Analyze"
"ZLAB","Zai Lab Limited ADRs","China","PRIVATE","","Health Care","$11,083,788,033","-45.20","152.22","9.48","0.00%","439,212","Analyze"
"FUTU","Futu Holdings Limited ADRs","China","PRIVATE","","Financials","$10,917,585,560","113.73","32.47","1.31","0.00%","12,572,316","Analyze"
"CX","Cemex SAB de CV ADRs","Mexico","MM:CEMEXCPO","Bolsa Mexicana De Valores (Mexican Stock Exchange)","Materials","$10,560,672,013","-7.20","0.79","1.31","0.14%","9,321,770","Analyze"
"RDY","Dr. Reddys Laboratories ADRs","India","IS:DRREDDY","National Stock Exchange Of India","Health Care","$10,329,636,438","35.70","3.96","0.06","0.54%","185,803","Analyze"
"AEG","Aegon NV  ADRs","The Netherlands","NA:AGN","Nyse Euronext - Euronext Amsterdam","Financials","$10,146,769,426","4.12","0.08","0.40","2.95%","2,550,801","Analyze"
"MLCO","Melco Resorts & Entertainment Limited ADRs","Hong Kong","PRIVATE","","Consumer Discretionary","$9,778,262,959","-7.74","5.97","8.87","0.81%","1,966,525","Analyze"
"AU","AngloGold Ashanti ADRs","South Africa","SJ:ANG","Johannesburg Stock Exchange","Materials","$9,575,698,415","11.19","1.90","2.59","2.03%","3,802,887","Analyze"
"KC","Kingsoft Cloud Holdings Limited ADRs","China","PRIVATE","","Information Technology","$9,566,619,572","0.00","9.55","1.16","0.00%","2,328,540","Analyze"
"SSL","Sasol Ltd ADRs","South Africa","SJ:SOL","Johannesburg Stock Exchange","Materials","$9,372,131,968","13.07","0.58","0.06","6.32%","574,343","Analyze"
"SID","Companhia Siderurgica Nacional-CSN ADRs","Brazil","BS:CSNA3","XBSP","Materials","$9,254,785,393","14.09","1.58","0.93","0.03%","4,071,611","Analyze"
"GFI","Gold Fields ADRs","South Africa","SJ:GFI","Johannesburg Stock Exchange","Materials","$9,088,655,985","20.08","2.10","2.48","3.00%","7,651,984","Analyze"
"MBT","Mobile TeleSystems PJSC ADRs","Russia","RX:MTSS","Standard-Classica-Forts","Communication Services","$8,263,307,817","68.31","1.27","0.29","9.60%","4,551,718","Analyze"
"PSO","Pearson PLC ADRs","United Kingdom","LN:PSON","London Stock Exchange","Consumer Discretionary","$8,223,195,075","19.28","1.33","1.99","2.42%","251,486","Analyze"
"EBR","Centrais Eletricas Brasileiras ADRs","Brazil","BS:ELET3","XBSP","Utilities","$8,052,301,343","8.87","1.58","0.11","4.72%","986,219","Analyze"
"EBR.B","Centrais Electricas Brasileiras S.A. ADRs of Preferred Shares","Brazil","BS:ELET6","XBSP","Utilities","$8,052,301,343","8.62","1.38","0.00","5.30%","29,117","Analyze"
"TX","Ternium S.A. ADRs","Argentina","PRIVATE","","Materials","$8,004,940,556","10.28","0.92","1.10","3.01%","781,178","Analyze"
"LPL","LG Display Co Ltd ADRs","South Korea","KP:034220","Korea Exchange (Stock Market)","Information Technology","$7,685,881,236","0.00","0.33","0.00","4.46%","577,441","Analyze"
"PTR","PetroChina Co Ltd ADRs","China","HK:0857","Hong Kong Exchange","Energy","$7,595,604,000","24.06","0.03","0.01","5.10%","206,088","Analyze"
"MNSO","MINISO Group Holding Limited ADRs of Class A","China","PRIVATE","","Consumer Discretionary","$7,316,678,144","0.00","5.51","0.00","0.00%","954,415","Analyze"
"ASND","Ascendis Pharma ADRs","Denmark","PRIVATE","","Health Care","$7,078,925,836","0.00","865.80","8.44","0.00%","225,238","Analyze"
"GWPH","GW Pharmaceuticals PLC ADRs","United Kingdom","PRIVATE","","Health Care","$6,861,472,616","-118.04","13.01","9.26","0.00%","735,640","Analyze"
"WF","Woori Financial Group Inc. ADRs","South Korea","KP:316140","Korea Exchange (Stock Market)","Financials","$6,548,560,317","5.84","1.12","0.00","1.17%","16,284","Analyze"
"SQM","Sociedad Quimica y Minera de Chile ADRs of B Shares","Chile","CC:SQMB","Santiago Stock Exchange","Materials","$6,478,688,633","39.38","3.44","3.05","0.81%","900,390","Analyze"
"KT","KT Corp ADRs","South Korea","KP:030200","Korea Exchange (Stock Market)","Communication Services","$6,423,350,477","10.39","0.30","0.00","9.54%","1,009,375","Analyze"
"YY","YY Inc. ADRs","China","PRIVATE","","Communication Services","$6,337,556,522","5.43","1.81","0.16","0.82%","1,567,668","Analyze"
"DADA","Dada Nexus Limited ADRs","China","PRIVATE","","Consumer Discretionary","$6,138,255,200","0.00","7.02","0.87","0.00%","1,711,555","Analyze"
"CSAN","Cosan S.A. ADRs","Brazil","BS:CSAN3","XBSP","Energy","$6,137,355,776","0.00","0.45","0.00","0.00%","893,176","Analyze"
"GGB","Gerdau S.A. ADRs","Brazil","BS:GGBR4","XBSP","Materials","$5,902,060,912","21.83","0.72","0.19","0.43%","15,982,928","Analyze"
"OCFT","OneConnect Financial Technology Co., Ltd. ADRs","China","PRIVATE","","Information Technology","$5,756,304,872","0.00","11.41","1.11","0.00%","398,183","Analyze"
"PHI","PLDT  Inc. ADRs","Philippines","PM:TEL","Philippine Stock Exchange Inc.","Communication Services","$5,721,156,922","11.37","1.54","0.05","5.97%","130,198","Analyze"
"ENIC","Enel Chile ADRs","Chile","CC:ENELCHILE","Santiago Stock Exchange","Utilities","$5,367,324,839","9.68","1.48","0.00","6.07%","490,938","Analyze"
"TIMB","TIM S.A. ADRs","Brazil","BS:TIMS3","XBSP","Communication Services","$5,257,987,157","15.67","0.30","0.23","4.93%","581,008","Analyze"
"GLPG","Galapagos NV ADRs","Belgium","NA:GLPG","Nyse Euronext - Euronext Amsterdam","Health Care","$5,257,304,375","60.65","8.74","1.97","0.00%","232,182","Analyze"
"TV","Grupo Televisa SAB ADRs","Mexico","MM:TLEVISACPO","Bolsa Mexicana De Valores (Mexican Stock Exchange)","Materials","$5,251,327,200","17.51","1.09","0.07","0.19%","1,701,336","Analyze"
"AMOV","America Movil - Series A ADRs","Mexico","MM:AMXL","Bolsa Mexicana De Valores (Mexican Stock Exchange)","Communication Services","$5,247,935,279","0.01","0.01","0.00","1.21%","5,510","Analyze"
"AMX","America Movil SAB de CV ADRs Series L","Mexico","MM:AMXL","Bolsa Mexicana De Valores (Mexican Stock Exchange)","Communication Services","$5,247,935,279","20.54","0.10","0.02","0.12%","2,068,802","Analyze"
"ZH","Zhihu Inc. ADRs","China","","","Unknown","$5,059,160,576","0.00","0.00","0.00","0.00%","8,389,742","Analyze"
"PAC","Grupo Aeroportuario del Pacifico ADRs of Series B","Mexico","MM:GAPB","Bolsa Mexicana De Valores (Mexican Stock Exchange)","Industrials","$5,048,887,800","59.36","10.29","0.23","0.35%","89,826","Analyze"
"ASR","Grupo Aeroportuario del Sureste ADRs","Mexico","MM:ASURB","Bolsa Mexicana De Valores (Mexican Stock Exchange)","Industrials","$5,046,742,800","56.57","9.39","0.15","0.19%","66,206","Analyze"
"SBS","SABESP ADRs","Brazil","BS:SBSP3","XBSP","Health Care","$5,030,632,636","29.39","1.68","0.23","3.44%","2,004,916","Analyze"
"DQ","Daqo New Energy ADRs","China","PRIVATE","","Information Technology","$4,872,206,160","37.71","7.21","6.35","0.00%","2,957,932","Analyze"
"YSG","Yatsen Holding Ltd ADRs","China","PRIVATE","","Consumer Discretionary","$4,570,437,842","0.00","5.85","0.67","0.00%","3,783,606","Analyze"
"ABCM","Abcam plc ADRs","United Kingdom","LN:ABC","London Stock Exchange","Health Care","$4,509,457,797","240.02","12.54","7.16","0.75%","217,202","Analyze"
"GRFS","Grifols SA ADRs","Spain","SM:GRF.P","Bolsa De Madrid","Health Care","$4,470,367,500","31.77","0.70","0.88","2.80%","1,072,282","Analyze"
"HUYA","HUYA Inc. ADRs of Class A","China","PRIVATE","","Communication Services","$4,414,991,082","34.58","2.66","0.16","0.00%","2,659,148","Analyze"
"JOBS","51job, Inc. ADRs","China","PRIVATE","","Industrials","$4,330,203,646","25.84","7.71","0.35","0.00%","187,956","Analyze"
"GSX","GSX Techedu Inc. ADRs of Class A shares","China","PRIVATE","","Consumer Discretionary","$4,205,287,200","307.01","3.88","0.73","0.00%","16,090,898","Analyze"
"UGP","Ultrapar Participacoes SA ADRs","Brazil","BS:UGPA3","XBSP","Energy","$4,181,271,420","26.70","0.32","0.44","2.10%","2,328,044","Analyze"
"TKC","Turkcell Iletisim Hizmetleri ADRs","Turkey","TI:TCELL","Istanbul Stock Exchange","Communication Services","$4,144,800,000","6.32","1.15","0.20","2.49%","1,227,774","Analyze"
"HCM","Hutchison China Meditech ADRs","China","LN:HCM","London Stock Exchange","Health Care","$4,062,145,404","-34.64","15.04","8.39","0.00%","267,130","Analyze"
"LEGN","Legend Biotech Corporation ADRs","China","PRIVATE","","Health Care","$3,836,103,194","-12.64","50.69","13.69","0.00%","384,791","Analyze"
"BSMX","Santander Mexico ADRs","Mexico","PRIVATE","","Financials","$3,694,825,954","7.74","1.12","0.02","1.94%","741,541","Analyze"
"CIB","Bancolombia SA ADRs","Colombia","CX:PFBCOLOM","Bolsa De Valores De Colombia","Financials","$3,680,276,466","24.12","1.51","0.00","2.82%","202,313","Analyze"
"ASAI","Sendas Distribuidora S.A. ADRs","Brazil","BS:ASAI3","XBSP","Unknown","$3,622,746,155","0.00","0.00","0.00","0.00%","297,317","Analyze"
"BRFS","BRF SA ADRs","Brazil","BS:BRFS3","XBSP","Consumer Staples","$3,599,256,480","14.63","0.52","0.42","5.86%","3,093,652","Analyze"
"WNS","WNS Holdings ADRs","India","PRIVATE","","Industrials","$3,598,240,944","34.40","3.92","5.15","0.00%","161,604","Analyze"
"CIG","Companhia Energetica de Minas Gerais-CEMIG ADRs","Brazil","BS:CMIG4","XBSP","Utilities","$3,590,184,494","6.61","0.83","0.13","2.82%","9,703,924","Analyze"
"CIG.C","Comp En De Mn Cemig ADRs","Brazil","BS:CMIG3","XBSP","Utilities","$3,590,184,494","0.69","0.14","0.08","2.21%","20,793","Analyze"
"IMAB","I-MAB ADRs","China","PRIVATE","","Health Care","$3,587,266,999","0.00","14.98","0.64","0.00%","418,973","Analyze"
"VNET","21Vianet Group, Inc. ADRs","China","PRIVATE","","Information Technology","$3,577,383,733","40.47","4.87","0.54","0.00%","2,622,364","Analyze"
"JMIA","Jumia Technologies AG ADRs","Germany","PRIVATE","","Consumer Discretionary","$3,305,540,496","0.00","20.13","14.72","0.00%","8,543,633","Analyze"
"CCU","Compania Cervecerias Unidas SA ADRs","Chile","CC:CCU","Santiago Stock Exchange","Consumer Staples","$3,297,813,133","7.05","1.42","0.00","3.28%","241,718","Analyze"
"DOYU","DouYu International Holdings Limited ADRs","China","PRIVATE","","Communication Services","$3,295,437,521","31.17","2.25","0.47","0.00%","2,700,374","Analyze"
"QFIN","360 Finance, Inc. ADRs","China","PRIVATE","","Financials","$3,150,982,659","7.57","1.79","0.33","0.00%","3,854,905","Analyze"
"ZNH","China Southern Airlines ADRs","China","HK:1055","Hong Kong Exchange","Industrials","$3,149,926,725","16.78","0.17","0.05","4.11%","29,741","Analyze"
"VEON","VEON Ltd ADRs","The Netherlands","NA:VEON","Nyse Euronext - Euronext Amsterdam","Communication Services","$3,074,279,486","-8.81","0.39","18.86","8.47%","6,039,165","Analyze"
"YALA","Yalla Group Ltd ADRs of Class A","United Arab Emirates","PRIVATE","","Information Technology","$3,019,336,000","-286.04","22.68","12.93","0.00%","2,972,519","Analyze"
"HMY","Harmony Gold Mining Company Limited ADRs","South Africa","SJ:HAR","Johannesburg Stock Exchange","Materials","$2,969,371,590","11.48","0.63","0.10","1.52%","5,103,617","Analyze"
"MOR","MorphoSys AG ADRs","Germany","GF:MOR","Frankfurt Stock Exchange","Health Care","$2,953,526,131","25.34","26.46","4.75","0.00%","105,256","Analyze"
"DAVA","Endava plc ADRs of Class A shares","United Kingdom","PRIVATE","","Information Technology","$2,863,663,789","97.62","5.40","11.06","0.00%","122,372","Analyze"
"CD","Chindata Group Holdings Ltd ADRs","China","PRIVATE","","Information Technology","$2,761,268,092","0.00","10.15","0.28","0.00%","873,468","Analyze"
"BVN","Compania de Minas Buenaventura ADRs","Peru","PE:BVN","Bolsa De Valores De Lima","Materials","$2,759,894,837","-20.34","3.49","1.05","0.00%","799,821","Analyze"
"NIU","Niu Technologies Class A ADRs","China","PRIVATE","","Consumer Discretionary","$2,738,795,280","114.42","7.36","2.40","0.00%","1,392,458","Analyze"
"CAN","Canaan Inc. ADRs","China","PRIVATE","","Information Technology","$2,657,901,599","-2.82","3.05","4.89","0.00%","22,726,151","Analyze"
"MFGP","Micro Focus Intl Plc ADRs","United Kingdom","LN:MCRO","London Stock Exchange","Information Technology","$2,645,012,695","-1.87","0.83","0.82","9.19%","1,157,969","Analyze"
"AMRN","Amarin Corp PLC ADRs","United Kingdom","PRIVATE","","Health Care","$2,557,337,413","-142.08","4.16","4.08","0.00%","4,679,333","Analyze"
"MOMO","MOMO Inc ADRs","China","PRIVATE","","Communication Services","$2,549,767,379","10.15","1.11","0.17","3.54%","3,984,513","Analyze"
"BAK","Braskem SA ADRs","Brazil","BS:BRKM3","XBSP","Materials","$2,532,664,592","2,395.86","0.25","-1.15","5.55%","271,503","Analyze"
"BNR","Burning Rock Biotech Limited ADRs","China","PRIVATE","","Health Care","$2,471,917,986","0.00","37.76","1.02","0.00%","394,616","Analyze"
"CEA","China Eastern Airlines ADRs","China","HK:0670","Hong Kong Exchange","Industrials","$2,452,757,322","14.99","0.21","0.04","1.50%","15,004","Analyze"
"KOF","Coca-Cola Femsa ADRs of Series L Shares","Mexico","MM:KOFL","Bolsa Mexicana De Valores (Mexican Stock Exchange)","Consumer Staples","$2,445,368,774","19.60","0.22","0.02","4.60%","162,281","Analyze"
"HIMX","Himax Technologies ADRs","Taiwan","PRIVATE","","Information Technology","$2,441,569,560","51.80","2.75","5.08","0.00%","3,500,906","Analyze"
"AKO.A","Embotelladora Andina ADRs of A Shares","Chile","CC:ANDINAA","Santiago Stock Exchange","Consumer Staples","$2,324,997,148","14.18","0.96","0.00","5.75%","174,860","Analyze"
"AKO.B","Embotelladora Andina ADRs of B Shares","Chile","CC:ANDINAB","Santiago Stock Exchange","Consumer Staples","$2,324,997,148","16.82","1.03","0.00","5.65%","174,860","Analyze"
"SIMO","Silicon Motion Technology Corporation ADRs","Taiwan","PRIVATE","","Information Technology","$2,291,894,853","28.74","4.25","4.11","2.12%","539,916","Analyze"
"MYTE","MYT Netherlands Parent B.V. ADRs","The Netherlands","PRIVATE","","Consumer Discretionary","$2,273,257,472","0.00","3.84","0.00","0.00%","412,135","Analyze"
"AVAL","Grupo Aval Acciones y Valores ADRs","Colombia","CX:PFAVAL","Bolsa De Valores De Colombia","Financials","$2,243,798,797","8.22","0.35","0.00","4.98%","119,849","Analyze"
"OMAB","Grupo Aeroportuario-OMA ADRs","Mexico","MM:OMAB","Bolsa Mexicana De Valores (Mexican Stock Exchange)","Industrials","$2,193,934,274","46.85","9.51","0.21","0.39%","264,138","Analyze"
"CRTO","Criteo SA ADRs","France","PRIVATE","","Information Technology","$2,166,142,448","30.22","1.05","1.94","0.00%","889,070","Analyze"
"SIM","Grupo Simec ADRs of B Shares","Mexico","MM:SIMECB","Bolsa Mexicana De Valores (Mexican Stock Exchange)","Information Technology","$2,111,946,094","10.43","1.19","0.06","4.68%","1,837","Analyze"
"TLND","Talend S.A. ADRs","France","PRIVATE","","Information Technology","$2,070,364,199","-26.02","7.20","237.29","0.00%","1,037,988","Analyze"
"NCTY","The9  Limited ADRs","China","PRIVATE","","Information Technology","$2,055,352,960","2.84","16,722.12","-7.14","0.00%","3,020,023","Analyze"
"IBA","Industrias Bachoco ADRs","Mexico","MM:BACHOCOB","Bolsa Mexicana De Valores (Mexican Stock Exchange)","Consumer Staples","$2,032,000,000","11.26","0.60","0.05","0.86%","11,793","Analyze"
"GTH","Genetron Holdings Limited ADRs","China","PRIVATE","","Health Care","$2,016,421,296","0.00","31.20","1.19","0.00%","363,908","Analyze"
"TIGR","UP Fintech Holding Limited ADRs of Class A","China","PRIVATE","","Financials","$2,014,180,910","122.36","14.84","8.55","0.00%","9,720,005","Analyze"
"ITCB","Itau CorpBanca ADRs","Chile","CC:ITAUCORP","Santiago Stock Exchange","Financials","$1,974,474,050","3.83","1.55","0.00","0.00%","53,639","Analyze"
"NOAH","Noah Holdings ADRs","China","PRIVATE","","Financials","$1,964,709,329","21.05","3.90","0.27","0.00%","193,462","Analyze"
"BZUN","Baozun Inc. ADRs","China","PRIVATE","","Consumer Discretionary","$1,960,612,500","36.19","1.45","0.32","0.00%","985,707","Analyze"
"ERJ","Embraer S.A. ADRs","Brazil","BS:EMBR3","XBSP","Industrials","$1,914,102,139","0.00","1.17","0.12","0.20%","5,207,275","Analyze"
"MTLS","Materialise NV ADRs","Belgium","PRIVATE","","Information Technology","$1,864,254,702","395.67","9.30","14.01","0.00%","774,646","Analyze"
"IMCR","Immunocore Holdings plc ADRs","United Kingdom","PRIVATE","","Health Care","$1,817,122,652","0.00","100.58","32.83","0.00%","95,998","Analyze"
"RAAS","Cloopen Group Holding Limited ADRs of class A","China","PRIVATE","","Information Technology","$1,809,820,902","0.00","72.04","-0.38","0.00%","2,182,734","Analyze"
"HHR","HeadHunter Group PLC ADRs","Russia","PRIVATE","","Industrials","$1,775,000,000","59.69","16.38","0.52","3.01%","129,405","Analyze"
"PRTC","PureTech Health plc ADRs","United Kingdom","LN:PRTC","London Stock Exchange","Health Care","$1,690,519,309","26.95","123.50","2.13","0.00%","393","Analyze"
"ACH","Aluminum Corporation of China ADRs","China","HK:2600","Hong Kong Exchange","Materials","$1,673,819,160","106.60","0.04","0.03","0.00%","233,999","Analyze"
"HNP","Huaneng Power International Inc ADRs","China","HK:0902","Hong Kong Exchange","Utilities","$1,667,461,025","13.10","0.05","0.01","5.46%","50,612","Analyze"
"YPF","YPF Sociedad Anonima ADRs","Argentina","AF:YPFD","Bolsa de Comercio de Buenos Aires","Energy","$1,632,033,079","1.31","0.24","0.00","2.10%","1,265,006","Analyze"
"VLRS","Controladora Vuela Compania de Aviacion S.A.B. de C.V. - Volaris ADRs","Mexico","MM:VOLARA","Bolsa Mexicana De Valores (Mexican Stock Exchange)","Industrials","$1,591,017,005","18.82","1.68","0.57","0.00%","612,409","Analyze"
"CBD","Companhia Brasileira de Distribuica ADRs","Brazil","BS:PCAR4","XBSP","Consumer Discretionary","$1,543,021,510","4.07","0.09","0.11","5.90%","2,900,019","Analyze"
"NNDM","Nano Dimension Ltd. ADRs","Israel","IT:NNDM","Tel Aviv Stock Exchange","Information Technology","$1,407,037,416","-29.01","413.96","2.11","0.00%","23,335,524","Analyze"
"HLG","Hailiang Education Group Inc. ADRs","China","PRIVATE","","Consumer Staples","$1,404,901,000","21.19","4.51","0.62","0.00%","4,513","Analyze"
"CMPS","COMPASS Pathways Plc ADRs","United Kingdom","PRIVATE","","Health Care","$1,372,844,267","0.00","0.00","6.98","0.00%","371,843","Analyze"
"FORTY","Formula Systems (1985) Ltd. ADRs","Israel","IT:FORTY","Tel Aviv Stock Exchange","Information Technology","$1,366,977,720","29.59","0.72","2.75","1.35%","5,012","Analyze"
"RLX","RLX Technology Inc. ADRs of class A","China","PRIVATE","","Consumer Staples","$1,357,166,750","0.00","2.33","0.90","0.00%","17,230,500","Analyze"
"ZEAL","Zealand Pharma A/S ADRs","Denmark","DC:ZEAL","Omx Nordic Exchange Copenhagen A/S","Health Care","$1,316,756,000","10.89","0.00","1.12","0.00%","13,592","Analyze"
"FINV","FinVolution Group ADRs","China","PRIVATE","","Financials","$1,289,646,104","2.18","1.19","0.16","2.43%","8,277,672","Analyze"
"LX","LexinFintech Holdings Ltd. ADRs","China","PRIVATE","","Financials","$1,282,720,949","20.51","0.72","0.23","0.00%","2,389,139","Analyze"
"MSC","Studio City International Holdings Limited Class A ADRs","Hong Kong","MLCO","NASDAQ Global Select","Consumer Discretionary","$1,280,809,260","-3.98","26.03","1.21","0.00%","1,323","Analyze"
"LINX","Linx S.A. ADRs","Brazil","BS:LINX3","XBSP","Information Technology","$1,257,675,494","1,490.81","8.25","0.75","0.30%","25,386","Analyze"
"OPRA","Opera Limited ADRs","Norway","PRIVATE","","Information Technology","$1,223,614,546","6.95","4.28","1.17","0.00%","185,651","Analyze"
"JKS","JinkoSolar Holding ADRs","China","PRIVATE","","Information Technology","$1,192,607,500","12.06","0.22","0.12","0.00%","2,516,861","Analyze"
"YQ","17 Education & Technology Group Inc. ADRs","China","PRIVATE","","Consumer Discretionary","$1,176,791,432","0.00","7.55","0.57","0.00%","1,710,140","Analyze"
"IMOS","ChipMOS TECHNOLOGIES ADRs","Taiwan","TT:8150","Taiwan Stock Exchange","Information Technology","$1,164,311,432","14.27","1.50","0.06","3.83%","19,980","Analyze"
"EH","EHang Holdings Limited ADRs","China","PRIVATE","","Industrials","$1,107,798,130","0.00","40.38","3.79","0.00%","2,798,064","Analyze"
"GOL","Gol Linhas ADRs of preferred shares","Brazil","BS:GOLL4","XBSP","Industrials","$1,097,467,153","0.00","1.75","-0.08","0.16%","2,578,649","Analyze"
"MESO","Mesoblast ADRs","Australia","AT:MSB","Asx - All Markets","Health Care","$1,071,645,908","-10.92","65.15","2.07","0.00%","189,714","Analyze"
"PLL","Piedmont Lithium Limited ADRs","Australia","AT:PLL","Asx - All Markets","Materials","$1,047,422,124","-602.67","0.00","13.11","0.00%","1,476,404","Analyze"
"CNTB","Connect Biopharma Holdings Ltd ADRs","China","PRIVATE","","Health Care","$999,118,482","0.00","0.00","0.00","0.00%","292,573","Analyze"
"ICLK","iClick Interactive Asia Group Limited ADRs","China","PRIVATE","","Communication Services","$984,007,568","-77.98","3.86","3.62","0.00%","859,053","Analyze"
"CANG","Cango Inc. ADRs of Class A","China","PRIVATE","","Information Technology","$933,617,623","2.49","2.99","0.11","2.71%","986,418","Analyze"
"CLLS","Cellectis SA ADRs","France","FP:ALCLS","Euronext Paris","Health Care","$895,389,293","-10.93","27.65","3.25","0.00%","372,419","Analyze"
"ORTX","Orchard Therapeutics plc ADRs","United Kingdom","PRIVATE","","Health Care","$894,317,279","-7.56","280.17","5.01","0.00%","989,711","Analyze"
"GGAL","Grupo Financiero Galicia ADRs of Class B","Argentina","AF:GGAL","Bolsa de Comercio de Buenos Aires","Financials","$878,629,180","3.79","0.42","0.00","0.99%","562,621","Analyze"
"GRVY","Gravity ADRs","South Korea","PRIVATE","","Information Technology","$875,283,444","15.90","2.44","0.00","0.00%","35,253","Analyze"
"ADAP","Adaptimmune Therapeutics ADRs","United Kingdom","PRIVATE","","Health Care","$872,169,550","-6.70","220.36","2.56","0.00%","787,710","Analyze"
"SY","So-Young International Inc. ADRs of Class A","China","PRIVATE","","Communication Services","$870,771,199","1,228.75","4.42","0.34","0.00%","1,239,529","Analyze"
"GHG","GreenTree Hospitality Group Ltd. ADRs of Class A","China","PRIVATE","","Consumer Discretionary","$869,666,993","35.39","6.14","0.43","2.02%","16,318","Analyze"
"RNLX","Renalytix AI PLC ADRs","United Kingdom","LN:RENX","London Stock Exchange","Health Care","$869,610,742","-99.97","0.00","10.01","0.00%","137,973","Analyze"
"WBAI","500.com ADRs of Class A","China","PRIVATE","","Consumer Discretionary","$866,277,168","0.00","260.80","2.15","0.00%","735,451","Analyze"
"PTNR","Partner Communications ADRs","Israel","IT:PTNR","Tel Aviv Stock Exchange","Communication Services","$865,311,337","91.84","0.91","0.50","0.00%","4,988","Analyze"
"GRCL","Gracell Biotechnologies Inc. ADRs","China","PRIVATE","","Health Care","$852,321,587","0.00","0.00","1.04","0.00%","90,820","Analyze"
"DAO","Youdao, Inc. ADRs of Class A","China","PRIVATE","","Consumer Discretionary","$849,957,256","0.00","1.76","-0.60","0.00%","651,277","Analyze"
"DRD","DRDGold Ltd ADRs","South Africa","SJ:DRD","Johannesburg Stock Exchange","Materials","$849,890,702","10.15","0.93","0.18","3.43%","273,816","Analyze"
"PAM","Pampa Energia ADRs","Argentina","AF:PAMP","Bolsa de Comercio de Buenos Aires","Utilities","$844,099,965","-0.03","0.01","0.01","0.00%","96,382","Analyze"
"SOGO","Sogou Inc. ADRs of Class A","China","PRIVATE","","Information Technology","$838,821,986","-7.75","0.91","0.86","0.00%","779,188","Analyze"
"BMA","Banco Macro S.A.  ADRs of Class B shares","Argentina","AF:BMA","Bolsa de Comercio de Buenos Aires","Financials","$827,310,084","2.53","0.87","0.01","1.29%","315,179","Analyze"
"SHI","Sinopec Shanghai Petrochemical ADRs","China","HK:0338","Hong Kong Exchange","Industrials","$814,335,000","25.96","0.05","0.03","7.25%","23,099","Analyze"
"SLN","Silence Therapeutics Plc ADRs","United Kingdom","LN:SLN","London Stock Exchange","Health Care","$774,047,367","0.00","488.34","88.08","0.00%","514","Analyze"
"LOMA","Loma Negra Compania Industrial Argentina SA ADRs","Argentina","PRIVATE","","Materials","$773,642,384","6.26","1.82","0.02","4.11%","361,906","Analyze"
"ADAG","Adagene Inc. ADRs","China","PRIVATE","","Health Care","$773,465,780","-164.11","38.67","-8.58","0.00%","40,797","Analyze"
"FANH","Fanhua Inc. ADRs","China","PRIVATE","","Financials","$754,945,921","18.93","1.52","0.41","6.93%","58,234","Analyze"
"SOL","ReneSola Ltd. ADRs","China","PRIVATE","","Materials","$750,786,985","-74.06","8.98","7.26","0.00%","3,771,100","Analyze"
"BCYC","Bicycle Therapeutics plc  ADRs","United Kingdom","PRIVATE","","Health Care","$705,180,266","-13.82","67.87","7.39","0.00%","172,369","Analyze"
"TEO","Telecom Argentina ADRs","Argentina","AF:TECO2","Bolsa de Comercio de Buenos Aires","Communication Services","$694,625,042","22.00","0.24","0.00","4.01%","311,069","Analyze"
"CALT","Calliditas Therapeutics AB ADRs","Sweden","SS:CALTX","Nasdaq Omx Nordic","Health Care","$685,448,240","0.00","6,844.37","0.57","0.00%","14,470","Analyze"
"IH","iHuman Inc. ADRs of Class A","China","PRIVATE","","Consumer Discretionary","$667,622,784","0.00","8.48","0.00","0.00%","114,967","Analyze"
"CPAC","Cementos Pacasmayo SAA ADRs","Peru","PE:CPACASC1","Bolsa De Valores De Lima","Materials","$658,182,929","69.57","1.52","0.48","4.10%","3,145","Analyze"
"SOHU","Sohu.com Limited ADRs","China","PRIVATE","","Communication Services","$617,895,398","-7.18","0.49","1.78","0.00%","295,131","Analyze"
"SIFY","SIFY Technologies Limited ADRs","India","PRIVATE","","Communication Services","$616,527,970","66.67","1.95","0.05","0.51%","1,241,966","Analyze"
"DBVT","DBV Technologies S.A. ADRs","France","FP:DBV","Euronext Paris","Health Care","$594,414,953","0.00","189.94","2.90","0.00%","133,036","Analyze"
"YI","111, Inc. ADRs","China","PRIVATE","","Consumer Staples","$593,863,799","0.00","0.48","1.66","0.00%","836,461","Analyze"
"IVA","Inventiva S.A. ADRs","France","FP:IVA","Euronext Paris","Health Care","$577,522,402","0.00","0.00","0.00","0.00%","38,891","Analyze"
"QIWI","QIWI plc ADRs","Russia","PRIVATE","","Information Technology","$545,764,924","6.40","0.98","0.02","7.51%","434,755","Analyze"
"NBTX","Nanobiotix S.A. - ADRs","France","FP:NANO","Euronext Paris","Health Care","$535,247,336","0.00","641.54","-24.84","0.00%","9,723","Analyze"
"SMMT","Summit Therapeutics PLC ADRs","United Kingdom","LN:SUMM","London Stock Exchange","Health Care","$534,809,419","-10.40","455.95","6.73","0.00%","131,727","Analyze"
"AVDL","Avadel Pharmaceuticals PLC ADRs","Ireland","PRIVATE","","Health Care","$520,339,844","17.34","23.30","3.21","0.00%","404,211","Analyze"
"FLY","Fly Leasing ADRs","Ireland","PRIVATE","","Industrials","$512,996,391","-7.61","1.56","0.65","0.00%","1,061,532","Analyze"
"AMYT","Amryt Pharma plc ADRs","United Kingdom","LN:AMYT","London Stock Exchange","Health Care","$512,682,273","-4.90","2.78","7.75","0.00%","32,821","Analyze"
"WIMI","WiMi Hologram Cloud Inc. ADRs of Class B","China","PRIVATE","","Consumer Discretionary","$494,394,158","53.59","5.70","0.80","0.00%","5,210,831","Analyze"
"VRNA","Verona Pharma plc ADRs","United Kingdom","LN:VRP","London Stock Exchange","Health Care","$454,963,787","0.00","0.00","2.46","0.00%","81,217","Analyze"
"BQ","Boqii Holding Limited ADRs of Class A","China","PRIVATE","","Consumer Discretionary","$439,433,233","0.00","3.08","2.86","0.00%","661,237","Analyze"
"BEST","BEST Inc. ADRs of Class A","China","PRIVATE","","Industrials","$435,992,607","0.00","0.09","0.25","0.00%","2,802,166","Analyze"
"HKIB","AMTD International Inc. ADRs of class A","Hong Kong","PRIVATE","","Financials","$434,425,121","12.50","2.72","0.05","0.00%","156,782","Analyze"
"XNET","Xunlei Limited ADRs","China","PRIVATE","","Information Technology","$432,716,162","-31.27","2.32","1.48","0.00%","2,767,155","Analyze"
"QD","Qudian Inc. ADRs of Class A","China","PRIVATE","","Financials","$429,914,973","4.14","0.77","0.04","0.00%","8,115,662","Analyze"
"JFIN","Jiayin Group Inc. ADRs of class A","China","PRIVATE","","Information Technology","$423,556,000","14.29","2.14","-0.76","0.00%","12,689,898","Analyze"
"UXIN","Uxin Limited ADRs","China","PRIVATE","","Consumer Discretionary","$423,428,798","0.00","5.13","-0.22","0.00%","22,588,990","Analyze"
"AUTL","Autolus Therapeutics plc ADRs","United Kingdom","PRIVATE","","Health Care","$420,928,635","-4.24","321.07","2.00","0.00%","638,733","Analyze"
"AENZ","Aenza S.A.A. ADRs","Peru","PE:AENZAC1","Bolsa De Valores De Lima","Industrials","$418,520,570","0.00","0.41","0.31","0.00%","133,558","Analyze"
"OPT","Opthea Limited ADRs","Australia","PRIVATE","","Health Care","$416,319,392","0.00","2,201.30","2.15","0.00%","10,746","Analyze"
"QTT","Qutoutiao Inc. ADRs","China","PRIVATE","","Communication Services","$410,997,552","0.00","0.51","-0.32","0.00%","4,622,611","Analyze"
"MREO","Mereo BioPharma Group plc ADRs","United Kingdom","LN:MPH","London Stock Exchange","Health Care","$405,919,733","0.00","0.00","-27.11","0.00%","2,353,397","Analyze"
"TOUR","Tuniu Corp ADRs","China","PRIVATE","","Consumer Discretionary","$399,760,046","0.00","5.83","0.29","0.00%","1,777,783","Analyze"
"ITMR","Itamar Medical Ltd. ADRs","Israel","IT:ITMR","Tel Aviv Stock Exchange","Health Care","$392,161,188","-37.44","9.44","9.51","0.00%","28,079","Analyze"
"FRSX","Foresight Autonomous Holdings Ltd. ADRs","Israel","IT:FRSX","Tel Aviv Stock Exchange","Real Estate","$391,748,633","0.00","0.00","8.33","0.00%","3,313,874","Analyze"
"YRD","Yirendai Limited ADRs","China","PRIVATE","","Financials","$389,787,308","10.07","0.50","0.09","6.57%","167,183","Analyze"
"HUIZ","Huize Holding Limited ADRs of Class A","China","PRIVATE","","Financials","$377,916,137","77.81","2.03","0.81","0.00%","151,718","Analyze"
"TGS","Transportadora de Gas del Sur SA ADRs","Argentina","AF:TGSU2","Bolsa de Comercio de Buenos Aires","Energy","$377,623,609","20.51","0.67","0.01","1.17%","84,725","Analyze"
"DNK","Phoenix Tree Holdings Limited ADRs of class A","China","PRIVATE","","Real Estate","$374,659,691","0.00","0.31","1.40","0.00%","123,659","Analyze"
"JG","Aurora Mobile Limited ADRs","China","PRIVATE","","Information Technology","$373,522,160","0.00","5.20","1.16","0.00%","1,581,110","Analyze"
"MTL","Mechel PJSC ADRs","Russia","RX:MTLR","Standard-Classica-Forts","Materials","$366,758,057","0.98","0.11","-0.00","0.00%","106,920","Analyze"
"IPHA","Innate Pharma S.A. ADRs","France","FP:IPH","Euronext Paris","Health Care","$364,142,701","13.66","2.44","2.33","0.00%","6,120","Analyze"
"LEJU","Leju Holdings ADRs","China","PRIVATE","","Real Estate","$347,540,408","18.01","0.35","1.17","7.72%","86,024","Analyze"
"LND","Brasilagro Brazilian Agric Real Estate Co ADRs","Brazil","BS:AGRO3","XBSP","Consumer Staples","$345,659,107","3.12","0.52","0.30","3.11%","28,413","Analyze"
"MIXT","MiX Telematics ADRs","South Africa","SJ:MIX","Johannesburg Stock Exchange","Information Technology","$344,927,720","27.55","2.87","2.80","1.74%","32,750","Analyze"
"DUO","Fangdd Network Group Ltd. ADRs","China","PRIVATE","","Communication Services","$342,406,285","0.00","0.92","0.23","0.00%","59,011","Analyze"
"CEPU","Central Puerto S.A. ADRs","Argentina","AF:CEPU","Bolsa de Comercio de Buenos Aires","Utilities","$340,655,009","4.56","0.95","0.00","1.15%","189,890","Analyze"
"NEW","Puxin Limited ADRs","China","PRIVATE","","Consumer Discretionary","$338,440,744","0.00","0.77","0.80","0.00%","510,373","Analyze"
"WKEY","WISeKey International Holding AG ADRs","Switzerland","SE:WIHN","Six Swiss Exchange","Information Technology","$330,882,432","-14.85","14.20","17.44","0.00%","13,780,450","Analyze"
"VIOT","Viomi Technology Co. ADRs","China","PRIVATE","","Information Technology","$320,129,731","25.05","0.36","0.21","1.98%","1,005,741","Analyze"
"LITB","LightInTheBox ADRs","China","PRIVATE","","Consumer Discretionary","$309,618,348","23.25","0.78","6.28","0.00%","576,314","Analyze"
"IRCP","IRSA Propiedades Comerciales ADRs","Argentina","AF:IRCP","Bolsa de Comercio de Buenos Aires","Real Estate","$304,013,600","1.26","3.38","0.00","2.02%","14,114","Analyze"
"RDHL","RedHill Biopharma ADRs","Israel","IT:RDHL","Tel Aviv Stock Exchange","Health Care","$299,009,969","-3.93","4.65","21.57","0.00%","338,942","Analyze"
"LIZI","LIZHI INC. ADRs of Class A","China","PRIVATE","","Communication Services","$295,284,175","34.82","1.29","1.75","0.00%","6,728,944","Analyze"
"ZEPP","Zepp Health Corporation ADRs","China","PRIVATE","","Information Technology","$288,793,835","24.70","0.29","0.11","0.00%","550,686","Analyze"
"VIAO","VIA optronics AG ADRs","Germany","PRIVATE","","Information Technology","$286,875,000","0.00","1.50","3.70","0.00%","64,895","Analyze"
"CRESY","Cresud SACIF ADRs","Argentina","AF:CRES","Bolsa de Comercio de Buenos Aires","Real Estate","$277,908,560","0.00","0.24","0.01","0.00%","217,749","Analyze"
"QH","Quhuo Limited ADRs of Class A","China","PRIVATE","","Information Technology","$277,307,462","300.99","0.45","0.51","0.00%","50,770","Analyze"
"PUYI","Puyi Inc. ADRs","China","PRIVATE","","Financials","$275,638,069","-18.38","1.95","0.75","0.00%","269,763","Analyze"
"EDAP","Edap TMS SA ADRs","France","PRIVATE","","Health Care","$267,519,576","27.59","3.35","10.19","0.00%","295,620","Analyze"
"CNF","CNFinance Holdings Limited ADRs","China","PRIVATE","","Financials","$266,784,610","15.37","1.04","0.07","0.00%","33,910","Analyze"
"TLC","Taiwan Liposome Company, Ltd. - ADRs","Taiwan","TG:4152","Tapei Exchange","Health Care","$259,617,867","0.00","72.70","0.31","0.00%","27,398","Analyze"
"NCNA","NuCana plc ADRs","United Kingdom","PRIVATE","","Health Care","$257,405,225","0.00","0.00","2.59","0.00%","177,966","Analyze"
"TRVG","Trivago NV ADRs","The Netherlands","PRIVATE","","Information Technology","$251,296,212","31.32","0.86","0.38","0.00%","3,835,660","Analyze"
"COE","China Online Education ADRs of Class A","China","PRIVATE","","Consumer Discretionary","$246,968,740","20.37","0.79","-0.28","0.00%","27,285","Analyze"
"YJ","Yunji Inc. ADRs of Class A","China","PRIVATE","","Consumer Discretionary","$241,680,057","7.59","0.29","0.18","0.00%","608,564","Analyze"
"ONE","OneSmart International Education Group Limited ADRs","China","PRIVATE","","Consumer Discretionary","$239,185,952","49.22","0.47","0.88","0.00%","444,200","Analyze"
"IRS","IRSA Inversiones y Representaciones ADRs","Argentina","AF:IRSA","Bolsa de Comercio de Buenos Aires","Real Estate","$229,734,555","0.00","0.71","0.00","0.00%","37,038","Analyze"
"JFU","9F Inc. ADRs","China","PRIVATE","","Communication Services","$225,682,336","9.99","0.49","0.04","0.00%","2,779,992","Analyze"
"VIST","Vista Oil & Gas, S.A.B. de C.V. ADRs of class A shares","Mexico","MM:VISTA","Bolsa Mexicana De Valores (Mexican Stock Exchange)","Energy","$225,242,932","-2.19","0.83","0.44","0.00%","488,593","Analyze"
"OIIM","O2Micro International ADRs","Hong Kong","PRIVATE","","Information Technology","$224,711,190","36.68","2.87","2.67","0.00%","307,759","Analyze"
"REDU","RISE Education Cayman Ltd ADRs","China","PRIVATE","","Consumer Discretionary","$221,564,204","390.26","1.52","0.46","0.00%","56,301","Analyze"
"BLCT","BlueCity Holdings Limited ADRs","China","PRIVATE","","Information Technology","$218,085,424","0.00","1.39","0.29","0.00%","273,403","Analyze"
"CUK","Carnival PLC ADRs","United Kingdom","LN:CCL","London Stock Exchange","Consumer Discretionary","$216,045,520","-0.02","0.04","0.01","2.23%","1,728,237","Analyze"
"IMMP","Immutep Limited ADRs","Australia","AT:IMM","Asx - All Markets","Health Care","$210,448,464","0.00","21.19","3.47","0.00%","6,207,627","Analyze"
"SQNS","Sequans Communications S.A. ADRs","France","PRIVATE","","Information Technology","$208,937,184","-4.19","4.10","-5.63","0.00%","322,968","Analyze"
"CMMB","Chemomab Therapeutics Ltd.  ADRs","Israel","","","Health Care","$201,152,676","0.00","0.00","0.00","0.00%","276,091","Analyze"
"LOV","Spark Networks Inc. ADRs","Germany","PRIVATE","","Information Technology","$198,814,071","0.00","0.44","2.09","0.00%","149,661","Analyze"
"MOGU","MOGU Inc. ADRs Class A","China","PRIVATE","","Consumer Discretionary","$192,676,334","0.00","2.48","0.12","0.00%","393,536","Analyze"
"GNFT","GENFIT S.A. ADRs","France","FP:GNFT","Euronext Paris","Health Care","$176,806,707","-1.77","19.10","5.63","0.00%","40,935","Analyze"
"AIH","Aesthetic Medical International Holdings Group Ltd. ADRs","China","PRIVATE","","Health Care","$172,610,226","8.68","1.46","0.38","0.00%","233,075","Analyze"
"BPTS","Biophytis SA ADRs","France","FP:ALBPS","Euronext Paris","Health Care","$172,077,270","0.00","0.00","-37.80","0.00%","3,028","Analyze"
"UCL","uCloudlink Group Inc. ADRs","Hong Kong","PRIVATE","","Communication Services","$168,554,865","-2.60","1.88","2.98","0.00%","11,361","Analyze"
"RUHN","Ruhnn Holding Limited ADRs of Class A","China","PRIVATE","","Consumer Discretionary","$165,301,795","0.00","0.88","0.15","0.00%","148,777","Analyze"
"CTK","CooTek (Cayman) Inc. ADRs of Class A","China","PRIVATE","","Information Technology","$165,036,990","-3.48","0.37","-11.96","0.00%","456,985","Analyze"
"BFRA","Biofrontera AG ADRs","Germany","PRIVATE","","Health Care","$158,808,681","140.93","3.73","-146.64","0.37%","65,975","Analyze"
"KZIA","Kazia Therapeutics ADRs","Australia","AT:KZA","Asx - All Markets","Health Care","$158,070,642","0.00","4,883.81","4.99","0.00%","131,442","Analyze"
"CIH","China Index Holdings Limited ADRs","China","PRIVATE","","Industrials","$157,395,084","0.53","0.25","0.48","0.00%","67,614","Analyze"
"BWAY","Brainsway Ltd. ADRs","Israel","IT:BRIN","Tel Aviv Stock Exchange","Information Technology","$157,287,843","-29.21","6.92","8.01","0.00%","49,319","Analyze"
"XIN","Xinyuan Real Estate ADRs","China","PRIVATE","","Real Estate","$152,643,787","-18.05","0.08","0.23","6.04%","107,960","Analyze"
"ERYP","Erytech Pharma S.A. ADRs","France","FP:ERYP","Euronext Paris","Health Care","$151,694,739","0.00","139.54","5.80","0.00%","6,559","Analyze"
"BEDU","Bright Scholar Education Holdings Limited ADRs of Class A","China","PRIVATE","","Consumer Discretionary","$151,345,164","30.15","0.30","0.05","2.04%","51,481","Analyze"
"TEDU","Tarena International ADRs","China","PRIVATE","","Consumer Discretionary","$149,896,234","0.00","0.39","-0.13","0.00%","309,243","Analyze"
"RENN","Renren Inc. ADRs of Class A","China","PRIVATE","","Information Technology","$148,118,070","-2.90","0.22","1.50","909.65%","147,823","Analyze"
"KUKE","Kuke Music Holding Limited ADRs","China","PRIVATE","","Consumer Discretionary","$147,722,238","2.62","0.35","0.25","0.00%","367,326","Analyze"
"SECO","Secoo Holding Limited ADRs","China","PRIVATE","","Consumer Discretionary","$146,649,745","35.56","0.17","0.06","0.00%","446,582","Analyze"
"ELP","Comp. Paranaense de Energia-COPEL ADRs","Brazil","BS:CPLE6","XBSP","Utilities","$144,975,783","4.53","0.03","0.01","6.91%","8,956,440","Analyze"
"SUPV","Grupo Supervielle SA ADRs of Class B","Argentina","PRIVATE","","Financials","$142,194,289","4.25","0.32","0.00","2.27%","548,437","Analyze"
"EM","Smart Share Global Limited ADRs","China","PRIVATE","","Unknown","$140,875,000","0.00","0.00","0.00","0.00%","5,331,123","Analyze"
"XYF","X Financial ADRs of Class A","China","PRIVATE","","Financials","$139,417,466","4.89","0.46","0.04","10.53%","166,637","Analyze"
"SOS","SOS Limited ADRs of Class A","China","PRIVATE","","Health Care","$138,557,860","22.38","2.84","71.61","0.00%","60,969,444","Analyze"
"NTZ","Natuzzi S.p.A. ADRs","Italy","PRIVATE","","Consumer Discretionary","$137,106,283","26.79","0.35","1.72","0.00%","10,143","Analyze"
"AACG","ATA Creativity Global ADRs","China","PRIVATE","","Consumer Discretionary","$131,672,104","0.00","5.33","0.66","0.00%","946,543","Analyze"
"ASLN","ASLAN Pharmaceuticals Limited ADRs","Singapore","PRIVATE","","Health Care","$131,068,929","0.00","0.00","-10.71","0.00%","1,636,470","Analyze"
"BLRX","BioLineRX Ltd. ADRs","Israel","IT:BLRX","Tel Aviv Stock Exchange","Health Care","$123,145,776","0.00","0.00","5.59","0.00%","432,065","Analyze"
"MITC","MeaTech 3D Ltd. - ADRs","Israel","","","Consumer Staples","$118,744,312","0.00","0.00","18.39","0.00%","325,821","Analyze"
"KRKR","36Kr Holdings Inc. ADRs","China","PRIVATE","","Communication Services","$113,403,981","0.00","1.27","0.24","0.00%","147,831","Analyze"
"LXEH","Lixiang Education Holding Co., Ltd.  ADRs","China","PRIVATE","","Consumer Discretionary","$113,067,232","21.52","5.66","0.58","0.00%","9,517","Analyze"
"QK","Q&K International Group Limited ADRs","China","PRIVATE","","Real Estate","$109,239,052","0.00","0.45","-0.05","0.00%","50,437","Analyze"
"CCM","Concord Medical Services ADRs","China","PRIVATE","","Health Care","$104,723,018","0.00","1.89","-0.29","0.00%","63,627","Analyze"
"AKTX","Akari Therapeutics PLC ADRs","United Kingdom","PRIVATE","","Health Care","$104,262,694","0.00","0.00","21.46","0.00%","103,886","Analyze"
"EVAX","Evaxion Biotech A/S ADRs","Denmark","PRIVATE","","Health Care","$99,833,074","0.00","0.00","12.63","0.00%","103,355","Analyze"
"CYAD","Celyad SA ADRs","Belgium","BB:CYAD","Nyse Euronext - Euronext Brussels","Health Care","$99,294,040","0.00","9,934.08","3.20","0.00%","10,994","Analyze"
"CMCM","Cheetah Mobile ADRs","China","PRIVATE","","Information Technology","$96,153,604","5.12","0.41","0.03","25.00%","1,140,978","Analyze"
"MITO","Stealth BioTherapeutics Corp. ADRs","Cayman Islands","PRIVATE","","Health Care","$92,575,719","24.82","4.39","40.71","0.00%","184,929","Analyze"
"FHS","First High-School Education Group Co., Ltd. ADRs of Class A","China","PRIVATE","","Consumer Discretionary","$92,246,246","3.84","0.19","-0.60","0.00%","607,949","Analyze"
"CLGN","CollPlant Holdings ADRs","Israel","IT:CLPT","Tel Aviv Stock Exchange","Health Care","$88,858,619","-15.39","13.99","19.85","0.00%","59,399","Analyze"
"TRIB","Trinity Biotech PLC ADRs of Class A shares","Ireland","PRIVATE","","Health Care","$87,369,119","-13.68","0.86","-39.37","0.00%","401,762","Analyze"
"VJET","voxeljet AG ADRs","Germany","PRIVATE","","Information Technology","$86,738,585","0.00","3.42","4.38","0.00%","69,306","Analyze"
"SFUN","Fang Holdings ADRs","China","PRIVATE","","Communication Services","$82,276,501","-12.20","0.38","0.12","3.20%","5,299","Analyze"
"JP","Jupai Holdings Limited ADRs","China","PRIVATE","","Financials","$75,182,929","0.00","1.27","0.07","0.00%","96,991","Analyze"
"PPBT","Purple Biotech Ltd. ADRs","Israel","IT:KTOV","Tel Aviv Stock Exchange","Health Care","$74,770,151","-5.38","74.77","0.94","0.00%","391,984","Analyze"
"LAIX","LAIX Inc. ADRs of Class A","China","PRIVATE","","Consumer Staples","$74,341,398","0.00","0.50","-0.11","0.00%","1,599,844","Analyze"
"RYB","RYB Education ADRs of Class A","China","PRIVATE","","Consumer Staples","$74,087,566","-1.60","0.65","1.43","0.00%","674,996","Analyze"
"ADXN","Addex Therapeutics Ltd ADRs","Switzerland","SE:ADXN","Six Swiss Exchange","Health Care","$69,891,355","-5.49","18.83","4.83","0.00%","8,083","Analyze"
"GSUM","Gridsum Holding Inc.  ADRs","China","PRIVATE","","Information Technology","$68,274,960","0.00","1.35","-0.11","0.00%","221,757","Analyze"
"TC","TuanChe Limited ADRs","China","PRIVATE","","Information Technology","$66,622,928","0.00","1.26","0.21","0.00%","34,028","Analyze"
"GENE","Genetic Technologies ADRs","Australia","AT:GTG","Asx - All Markets","Health Care","$64,920,433","0.00","6,623.62","4.99","0.00%","552,907","Analyze"
"MFH","JMU Limited ADRs","China","PRIVATE","","Consumer Discretionary","$63,325,208","-58.18","16.66","5.65","0.00%","1,069,496","Analyze"
"FEDU","Four Seasons Education (Cayman) Inc.  ADRs","China","PRIVATE","","Consumer Staples","$61,221,600","0.00","1.43","0.10","8.04%","5,878,042","Analyze"
"FENG","Phoenix New Media ADRs","China","PRIVATE","","Communication Services","$58,299,773","2.26","0.31","0.04","114.27%","5,217,198","Analyze"
"MRM","MEDIROM Healthcare Technologies Inc. ADRs","Japan","PRIVATE","","Consumer Discretionary","$56,167,750","-0.34","0.02","0.15","0.00%","4,180","Analyze"
"OIBR.C","Oi S.A. ADRs","Brazil","BS:OIBR3","XBSP","Communication Services","$55,996,050","0.00","0.03","0.01","0.00%","1,898,489","Analyze"
"ATHE","Alterity Therapeutics Limited ADRs","Australia","AT:PBT","Asx - All Markets","Health Care","$50,363,736","0.00","1,427.09","1.47","0.00%","294,308","Analyze"
"WEI","Weidai Ltd. ADRs of Class A","China","PRIVATE","","Financials","$49,899,978","1.06","0.11","0.03","0.00%","490,991","Analyze"
"AMBO","Ambow Education Holding Ltd. ADRs of Class A","China","PRIVATE","","Consumer Staples","$49,440,876","0.00","0.61","0.49","0.00%","737,057","Analyze"
"ANPC","AnPac Bio-Medical Science Co., Ltd. ADRs of Class A","China","PRIVATE","","Health Care","$49,362,499","0.00","29.89","2.04","0.00%","2,368,493","Analyze"
"STG","Sunlands Online Education Group ADRs of Class A","China","PRIVATE","","Consumer Staples","$47,950,980","0.00","0.14","-0.04","0.00%","812,575","Analyze"
"FWP","Forward Pharma ADRs","Denmark","PRIVATE","","Health Care","$47,944,389","0.00","0.00","0.63","0.00%","48,288","Analyze"
"LBPS","4D pharma plc ADRs","United Kingdom","","","Health Care","$45,339,959","0.00","0.00","1.62","0.00%","31,170","Analyze"
"ANTE","AirNet Technology Inc. ADRs","China","PRIVATE","","Health Care","$44,736,662","-2.14","1.17","2.80","0.00%","1,910,302","Analyze"
"BVXV","BiondVax Pharmaceuticals Ltd. ADRs","Israel","PRIVATE","","Health Care","$42,803,200","0.00","0.00","-23.25","0.00%","209,817","Analyze"
"MDGS","Medigus Ltd. ADRs","Israel","IT:MDGS","Tel Aviv Stock Exchange","Health Care","$42,465,364","-4.81","95.86","4.14","0.00%","1,698,091","Analyze"
"CANF","Can-Fite BioPharma Ltd. ADRs","Israel","IT:CFBI","Tel Aviv Stock Exchange","Health Care","$41,861,965","-2.90","54.87","6.89","0.00%","9,919,038","Analyze"
"JT","Jianpu Technology Inc.  ADRs of Class A","China","PRIVATE","","Financials","$41,755,128","0.00","0.17","0.04","0.00%","235,074","Analyze"
"PT","Pintec Technology Holdings Limited ADRs of Class A","China","PRIVATE","","Information Technology","$41,061,053","-0.04","0.04","0.41","0.00%","650,460","Analyze"
"MOHO","ECMOHO Limited ADRs","China","PRIVATE","","Consumer Discretionary","$35,367,714","-2.49","0.11","0.48","0.00%","51,172","Analyze"
"SFET","Safe-T Group Ltd. ADRs","Israel","IT:SFET","Tel Aviv Stock Exchange","Information Technology","$35,176,634","-4.48","7.20","2.17","0.00%","1,403,778","Analyze"
"IMRN","Immuron Limited ADRs","Australia","AT:IMC","Asx - All Markets","Health Care","$34,086,990","0.00","13.94","1.19","0.00%","22,810","Analyze"
"HX","Hexindai Inc. ADRs","China","PRIVATE","","Financials","$33,398,610","-0.43","1.93","1.23","15.34%","265,258","Analyze"
"JRJC","China Finance Online ADRs","China","PRIVATE","","Financials","$31,989,676","-3.84","0.82","1.52","0.00%","89,476","Analyze"
"OSN","Ossen Innovation Co. ADRs","China","PRIVATE","","Materials","$31,401,720","2.93","0.13","0.26","0.00%","40,154","Analyze"
"LGHL","Lion Group Holding Ltd. ADRs","China","PRIVATE","","Financials","$30,808,170","12.98","1.20","2.86","0.00%","8,692,616","Analyze"
"MTP","Midatech Pharma PLC ADRs","United Kingdom","LN:MTPH","London Stock Exchange","Health Care","$29,408,629","0.00","0.94","6.47","0.00%","413,587","Analyze"
"DXF","Dunxin Financial Holdings Limited ADRs","China","PRIVATE","","Financials","$29,224,817","8.46","1.16","0.09","0.00%","3,830,156","Analyze"
"BNTC","Benitec Biopharma ADRs","Australia","AT:BLT","Asx - All Markets","Health Care","$25,439,304","-2.31","231.05","1.74","0.00%","7,640,127","Analyze"
"EDN","Edenor ADRs","Argentina","AF:EDN","Bolsa de Comercio de Buenos Aires","Utilities","$20,827,380","1.91","0.02","0.00","0.00%","33,403","Analyze"
"XTLB","XTL Biopharmaceuticals ADRs","Israel","IT:XTLB","Tel Aviv Stock Exchange","Health Care","$18,459,780","0.00","0.00","2.95","0.00%","79,088","Analyze"
"PHAR","Pharming Group N.V. ADRs","The Netherlands","NA:PHARM","Nyse Euronext - Euronext Amsterdam","Health Care","$11,913,378","0.00","0.00","0.00","0.00%","2,930","Analyze"
"APOP","Cellect Biotechnology Ltd. ADRs","Israel","PRIVATE","","Health Care","$10,382,197","0.00","0.00","0.69","0.00%","5,768,866","Analyze"
"ORPH","Orphazyme A/S ADRs","Denmark","DC:ORPHA","Omx Nordic Exchange Copenhagen A/S","Health Care","$3,444,000","0.00","0.00","0.01","0.00%","140,548","Analyze"
"TLSA","Tiziana Life Sciences plc  ADRs","United Kingdom","LN:TILS","London Stock Exchange","Health Care","$1,444,457","0.00","0.00","0.29","0.00%","251,418","Analyze"